{"cameraMode":{"drawMode":0,"name":"Shaded","section":"Shading Mode"},"sceneLighting":true,"audioPlay":false,"sceneViewState":{"m_AlwaysRefresh":false,"showFog":true,"showSkybox":true,"showFlares":true,"showImageEffects":true,"showParticleSystems":true,"showVisualEffectGraphs":true,"m_FxEnabled":true},"in2DMode":false,"pivot":{"x":-0.031491219997406009,"y":7.707162857055664,"z":-2.7483365535736086},"rotation":{"x":-0.5243096351623535,"y":0.06678026914596558,"z":-0.04129480943083763,"w":-0.8479043245315552},"size":5.7087225914001469,"orthographic":false}